id;description;url;format;poids;id_pers;id_info
1;Norman Thavaud;https://upload.wikimedia.org/wikipedia/commons/3/3d/Norman_Thavaud_Cannes_2015.jpg;jpg;10;1;
2;Emmanuel Macron;https://focus.nouvelobs.com/2019/10/17/258/0/5424/2712/633/306/75/0/3767ce7_T4I__vdHueenEVjN-0u2PYuq.jpg;jpg;5;2;
3;Yoshi;https://3.bp.blogspot.com/-mbijKAi96Xs/UNxdLiila3I/AAAAAAAAjHY/x_Pj4Z1BnL8/s1600/mario-party-advance-yoshi2.jpg;jpg;10;3;
4;Gros Yoshi;https://www.pngkey.com/png/detail/35-356241_1mib-812x977-fat-yoshi-thicc-yoshi.png;png;1;3;
5;Kemar;http://diffusionph.cccommunication.biz/jpgok/RepGR/392/392986_32.jpg;jpg;10;4;
6;Mario;https://i.pinimg.com/originals/eb/cf/79/ebcf7969ff6711ab99e0fc0a610921b6.jpg;jpg;10;5;
7;Mario T-pose;https://media.moddb.com/images/mods/1/6/5877/mario_hd_render.jpg;jpg;2;5;
8;Jean-Luc Mélenchon;https://amp.agoravox.fr/local/cache-vignettes/L768xH576/cover-r4x3w1000-59e64a2c27218-000-pz7n1-1-a58a8.jpg;jpg;1;6;
9;Jean-Luc Mélenchon;https://img.aws.la-croix.com/2019/12/09/1201065399/Jean-Luc-Melenchon-15-novembre-Marseille-Je-condamne-rebellion-encouragement-rebellion-Je-seraiun-rebelle-officiel-declare-3-decembre-quotidien-20-minutes_0_729_486.jpg;jpg;10;6;
10;Donald Trump;https://thenypost.files.wordpress.com/2018/07/180710-donald-trump-feature-image.jpg?quality=90&strip=all&w=1200;jpg;10;7;
11;Donald Trump;https://media.salon.com/2015/08/donald_trump18-580x385.jpg;jpg;10;7;
12;Kim Jong-Un;https://upload.wikimedia.org/wikipedia/commons/7/76/Kim_and_Trump_standing_next_to_each_other_%28cropped%29.jpg;jpg;10;8;
13;Morsay;https://www.newzikstreet.com/wp-content/uploads/2016/10/morsay-e1477597835619.png;png;10;9;
14;Professeur Morsay;https://media.senscritique.com/media/000008640559/source_big/Les_analyses_du_professeur_Morsay.jpg;jpg;2;9;
15;Cortex;https://2.bp.blogspot.com/-2W9VBam8f2w/Tbva6nmmjgI/AAAAAAAAAew/6cUAkuAyPwo/s1600/article729.jpg;jpg;10;10;
16;Jul;https://www.greenroom.fr/wp-content/uploads/2017/07/jul--780x550.jpg;jpg;10;11;
17;Cyprien Iov;https://data.topquizz.com/distant/quizz/big/3/1/6/6/16613_4e7ec382be.jpg;jpg;5;12;
18;Cyprien Iov;https://www.babelio.com/users/AVT_Cyprien-Iov_9145.jpg;jpg;10;12;
19;Mister V;http://www.influenth.com/wp-content/uploads/2016/04/MISTERV_02-759x500.jpg;jpg;10;13;
20;Squeezie;https://s.yimg.com/ny/api/res/1.2/2btlFizIVfTEsH1Naa5ohA--~A/YXBwaWQ9aGlnaGxhbmRlcjtzbT0xO3c9ODAw/http://media.zenfs.com/fr-FR/homerun/capital.fr/6d879cc1dde2d825fbf298cfdceb24b5;jpg;10;14;
21;Rayman;https://pbs.twimg.com/media/D-rIl9JWsAAeeai?format=png&name=large;png;10;21;
22;Damso;https://www.raprnb.com/wp-content/uploads/2018/06/Damso-1.jpg;jpg;10;17;
23;Luis Fonsi;https://i.scdn.co/image/6004641991ca63396cccdd8553f9120d69ea58d0;jpg;10;18;
24;Elon Musk;https://static.theceomagazine.net/wp-content/uploads/2018/10/15093202/elon-musk-1100x733.jpg;jpg;10;19;
25;Elon Musk qui fume;https://cdn.motor1.com/images/mgl/0AYjV/s6/elon-musk-fume-un-joint.jpg;jpg;5;19;
26;Ramzy Bedia;https://www4.pictures.zimbio.com/gi/Ramzy+Bedia+8th+Film+Festival+Lumiere+Lyon+L9gGmom30K0l.jpg;jpg;10;20;
27;Jeff Bezos;https://pixel.nymag.com/imgs/daily/intelligencer/2019/02/14/14-jeff-bezos.w700.h700.jpg;jpg;10;27;
28;Mohamed Henni;https://i.ytimg.com/vi/TSP4GdNwy9s/maxresdefault.jpg;jpg;10;28;
29;François Fillon;https://pbs.twimg.com/media/C3HuUUVXAAAU1Cw?format=jpg&name=large;jpg;10;22;
30;Nicolas Sarkozy;https://2.bp.blogspot.com/-7Oyz07WW60g/ToRk8Xxk_3I/AAAAAAAAAmk/LOHBHHBs5E4/s1600/Nicolas+Sarkozy3.jpg;jpg;10;23;
31;Inspecteur des impôts;https://www.orientation-education.com/files/2018-04/fotolia-200815289-subscription-xxl.jpg;jpg;10;24;
32;Mark Zuckerberg;https://amp.businessinsider.com/images/5b9198c50ce5f597208b4e1a-750-563.jpg;jpg;10;26;
33;François Hollande;https://upload.wikimedia.org/wikipedia/commons/thumb/9/9c/Fran%C3%A7ois_Hollande_-_2017_%2827869823159%29_%28cropped%29.jpg/1200px-Fran%C3%A7ois_Hollande_-_2017_%2827869823159%29_%28cropped%29.jpg;jpg;10;29;
34;Luigi;https://nayeftoys.com/wp-content/uploads/2015/12/71HSNwwzhIL._SL1500_.jpg;jpg;10;30;
35;Wario;http://vignette4.wikia.nocookie.net/wario/images/c/cb/Wario2.jpg/revision/latest?cb=20110920232757;webp;10;31;
36;Herobrine;http://vignette2.wikia.nocookie.net/an-eggs-guide-to-minecraft/images/3/3c/Herobrine_in_Grasslands.png/revision/latest?cb=20130708191856;webp;10;32;
37;Emmanuel Macron;https://s3.reutersmedia.net/resources/r/?m=02&d=20170713&t=2&i=1192895417&w=&fh=545px&fw=&ll=&pl=&sq=&r=LYNXMPED6C1P5;jpg;10;2;
38;Link;https://www.nautiljon.com/images/jeuxvideo_persos/00/91/link_2819.jpg;jpg;10;33;
39;Barack Obama;https://upload.wikimedia.org/wikipedia/commons/thumb/e/e9/Official_portrait_of_Barack_Obama.jpg/1200px-Official_portrait_of_Barack_Obama.jpg;jpg;10;34;
40;Barack Obama;https://upload.wikimedia.org/wikipedia/commons/thumb/8/8d/President_Barack_Obama.jpg/1200px-President_Barack_Obama.jpg;jpg;10;34;
41;Waluigi;https://nintendowire.com/wp-content/uploads/2016/07/Waluigi.jpg;jpg;10;35;
42;Rilès;https://lastfm.freetls.fastly.net/i/u/ar0/ac7c015ecdc552cde5edfc8c967a542d.jpg;jpg;10;36;
43;Zinédine Zidane;http://a.espncdn.com/combiner/i/?img=/photo/2016/1205/r159891_1296x729_16-9.jpg&site=espnfc;jpg;10;37;
44;La Fouine;https://4.bp.blogspot.com/-_uPYyVbEDCg/UR6M0lUAubI/AAAAAAAAAkA/Gh0ROkE1jt8/s1600/Ears_and_eyes_magazine_la_fouine.jpg;jpg;10;38;
45;Usul;https://media.senscritique.com/media/000006484900/1200/3615_Usul.jpg;jpg;10;39;
46;Alain Juppé;https://s.yimg.com/ny/api/res/1.2/cRPVTPF3vCAQ3DOTOME5Yw--~A/YXBwaWQ9aGlnaGxhbmRlcjtzbT0xO3c9NzY4O2g9NTEyO2lsPXBsYW5l/http://media.zenfs.com/fr_FR/News/AFP/dacad91beaead4c693551ae1f2f7eb9ba6915516.jpg;jpg;10;40;
47;Xavier Niel;https://upload.wikimedia.org/wikipedia/commons/3/38/Xavier_Niel004.jpg;jpg;10;41;
48;Sans (Undertale);https://i.ytimg.com/vi/nJ2-SHEkS9k/maxresdefault.jpg;jpg;10;42;
49;Sans T-pose (Undertale);https://i.ytimg.com/vi/v6kLr4fQoGk/maxresdefault.jpg;jpg;5;42;
50;Yoda;http://starwarsblog.starwars.com/wp-content/uploads/sites/6/2017/05/yoda-advice-decide-you-must-how-to-serve-them-best.jpg;jpg;10;43;
51;Yoda jeune;https://i.pinimg.com/originals/d7/e0/34/d7e034631346bc34127ed55c9e5bdd7d.jpg;jpg;2;43;
52;Christophe Barbier;https://lesobservateurs.ch/wp-content/uploads/2016/11/christophe-barbier-448x293.jpg;jpg;10;44;
53;Pascal Praud;https://pbs.twimg.com/media/D6XJBhIWwAAyT54?format=jpg&name=large;jpg;10;45;
54;Éric Brunet;https://static.actu.fr/uploads/2019/05/brunet.jpg;jpg;10;46;
55;Raphaël Enthoven;https://upload.wikimedia.org/wikipedia/commons/4/48/Rapha%C3%ABl_ENTHOVEN.JPEG;jpg;10;47;
56;Édouard Philippe;https://cdn3.img.sputniknews.com/images/105362/96/1053629674.jpg;jpg;10;48;
57;Philippe Martinez;https://upload.wikimedia.org/wikipedia/commons/thumb/f/f1/PhilippeMartinez.jpg/220px-PhilippeMartinez.jpg;jpg;10;49;
58;Pierre Ménès;https://img.20mn.fr/KPGTsoRrSG-kD81TSqjW6g/2048x1536-fit_pierre-menes-roland-garros-25-mai-2016.jpg;jpg;10;50;
59;Banksy;https://i.ytimg.com/vi/Xoe3Nn5vuBg/maxresdefault.jpg;jpg;10;51;
60;Le Pape François;https://images.radio-canada.ca/q_auto,w_1250/v1/ici-info/16x9/pape-irlande.jpg;jpg;10;52;
61;Vladimir Poutine;https://upload.wikimedia.org/wikipedia/commons/8/87/Vladimir_Putin_%26_Donald_Trump_in_Helsinki%2C_16_July_2018_%288%29_%28cropped%29.jpg;;10;53;
62;Alexandre Benalla;https://thenypost.files.wordpress.com/2018/09/emmanuel-macron-bodyguard-alexandre-benalla.jpg?quality=90&strip=all&w=1200;jpg;10;54;
63;Patrick Balkany;https://babelio.com/users/AVT_Patrick-Balkany_3547.jpeg;jpg;10;55;
64;Gérard Collomb;http://www.luciassociation.org/wp-content/uploads/2016/12/Gerard-Collomb-Maire-de-Lyon-lr-1.jpg;jpg;10;56;
65;Policiers;https://fr.rt.com/french/images/2016.10/article/580683dbc46188e37f8b4625.jpg;jpg;10;57;
66;Préfecture de police;https://upload.wikimedia.org/wikipedia/en/c/cb/ParisPoliceLogo.jpg;jpg;10;58;
67;TheKairi78;https://i.ytimg.com/vi/z6KhGQP0Zuc/maxresdefault.jpg;jpg;10;59;
68;Booba;https://images.vice.com/noisey/content-images/article/selbst-der-papst-konnte-booba-nicht-vor-den-kritikern-retten-472/boobaduc1.jpg;jpg;10;60;
69;Kaaris;http://fr.web.img6.acsta.net/pictures/16/05/03/15/33/481452.jpg;jpg;10;61;
70;Hugo Clément;https://static.actu.fr/uploads/2019/02/hugo_clement.jpg;jpg;10;62;
71;Cheems;https://i.redd.it/syp8xy4scy841.jpg;jpg;5;63;
72;Doge;https://yt3.ggpht.com/-7zFDHK5X45w/AAAAAAAAAAI/AAAAAAAAAAA/QJfHeLTEZwE/s900-c-k-no-mo-rj-c0xffffff/photo.jpg;jpg;5;63;
73;Un chien;https://i.ytimg.com/vi/bpfvH6WYWHw/maxresdefault.jpg;jpg;10;63;
74;Falling cat;https://i.kym-cdn.com/entries/icons/original/000/021/206/hGPgUd4.jpg;jpg;5;64;
75;Screaming cat;https://i.kym-cdn.com/entries/icons/original/000/028/692/cat.jpg;jpg;5;64;
76;Cats can have a little salami;https://i.kym-cdn.com/entries/icons/original/000/031/843/salamicat.gif;gif;5;64;
77;Smudge the cat;https://i.kym-cdn.com/photos/images/original/001/505/718/136.jpg;jpg;5;64;
78;Cursed Cat;https://i.kym-cdn.com/photos/images/original/001/471/100/0e5.jpg;jpg;5;64;
79;Buff cat;https://pbs.twimg.com/media/DeQXz5NU0AA-j5J?format=jpg&name=small;jpg;5;64;
80;Nicolas Hulot;http://www.odsradio.com/media/news/nicolas-hulot.jpg;jpg;10;65;
81;Le chien Nemo;https://ichef.bbci.co.uk/images/ic/1024x576/p05djz19.jpg;jpg;10;66;
82;Pierre Rabhi;https://medias.unifrance.org/medias/115/126/97907/format_page/pierre-rabhi-au-nom-de-la-terre.jpg;jpg;10;67;
83;Stéphane Bern;https://2.bp.blogspot.com/-RaZ40wQ7JrQ/UystGbSuSCI/AAAAAAAAAQA/aysamYJo_dM/s1600/stephane-bern-12-rtbf.jpg;jpg;10;68;
84;Éric Zemmour;https://www.moroccoworldnews.com/wp-content/uploads/2019/02/Eric-Zemmour-640x608.jpg;jpg;10;69;
85;Laurent Ruquier;https://pbs.twimg.com/profile_images/483578792594907137/sLZIn9Rp.jpeg;jpg;10;70;
86;Michel Drucker;https://www.starmag.com/wp-content/uploads/2018/07/7794003440_michel-drucker-le-16-juin-2018.jpg;jpg;10;71;
87;Google Assistant;https://9to5mac.com/wp-content/uploads/sites/6/2018/03/google-assistant.jpg?quality=82&strip=all&w=1500;webp;10;72;
88;Siri;https://cdn.wccftech.com/wp-content/uploads/2017/05/Siri-1.jpg;jpg;10;73;
89;Xavier Dupont de Ligonnès;https://www.francetvinfo.fr/image/74vsakn86-df35/1200/450/824281.jpg;jpg;10;74;
90;Bowser;https://upload.wikimedia.org/wikipedia/it/7/71/Bowser.png;png;10;75;
91;Tom Nook;https://image.noelshack.com/fichiers/2018/37/5/1536900807-nook.png;png;10;76;
92;Jean-Marie Le Pen;https://d.newsweek.com/en/full/444859/20-08-2015-jean-marie-le-pen.jpg;jpg;10;77;
93;Manuel Valls en sueur;https://image.noelshack.com/fichiers/2016/48/1480287893-manuel-valls-le-premier-ministre-mouille-la-chemise-et-agite-la-toile.jpg;jpg;10;78
94;Cyril Hanouna;https://tel.img.pmdstatic.net/fit/http.3A.2F.2Fprd2-bone-image.2Es3-website-eu-west-1.2Eamazonaws.2Ecom.2Ftel.2F2020.2F03.2F12.2F833f0f7d-19e4-4819-9bdb-d414724242fa.2Ejpeg/1150x495/crop-from/top/quality/80/coronavirus-un-invite-passe-dans-tpmp-place-en-confinement-cyril-hanouna-reagit-video.jpg;jpg;10;79
95;Lil Pump;https://intrld.com/wp-content/uploads/2017/10/lil-pump.jpg;jpg;10;80
96;Kanye West;https://www.forbes.fr/wp-content/uploads/2019/09/gettyimages-1076421056-740x370.jpg;jpg;10;81
97;Bill Gates;https://www.infomediaire.net/wp-content/uploads/2020/03/Bill-Gates.jpg;jpg;10;82
98;Bernard Arnault;https://cap.img.pmdstatic.net/fit/http.3A.2F.2Fprd2-bone-image.2Es3-website-eu-west-1.2Eamazonaws.2Ecom.2Fcap.2F2019.2F11.2F25.2Fe3971d32-4ec3-4e3e-ba24-420c6cbb9926.2Ejpeg/750x375/background-color/ffffff/quality/70/guerlain-bulgari-tiffany-comment-bernard-arnault-a-bati-lvmh-ndeg1-mondial-du-luxe-1356039.jpg;jpg;10;83
99;Valéry Giscard d’Estaing;https://static.lexpress.fr/medias_11435/w_480,h_270,c_fill,g_north/v1491027426/l-ex-president-francais-valery-giscard-d-estaing-le-20-novembre-2016-a-paris_5854781.jpg;jpg;10;85
100;Christophe Castaner;https://medias.laprovence.com/befbg-sg0MSnz1DhAVWWrgdA93U=/109x41:1494x804/850x575/top/smart/29562523b2ca43cb979a2bd72d135df4/1579354093_casta.jpg;jpg;10;86
101;Alain Chabat;https://i.f1g.fr/media/madame/orig/sites/default/files/img/2020/01/alain-chabat-bisjpg.jpg;jpg;10;87
102;Alexandre Astier;https://gal.img.pmdstatic.net/fit/http.3A.2F.2Fprd2-bone-image.2Es3-website-eu-west-1.2Eamazonaws.2Ecom.2Fprismamedia_people.2F2017.2F06.2F30.2Fdb5a0e4d-4732-4bb3-b713-799a887fd8a8.2Ejpeg/2216x1536/quality/80/alexandre-astier.jpeg;jpg;10;88
103;Alain de Bitssbailledrey (personnage de Kemar);https://pbs.twimg.com/media/EToPpKqXsAAVVWb?format=jpg&name=large;jpg;10;89
104;Thierry Pelouse (personnage de Kemar);https://pbs.twimg.com/media/EToPzB8X0AUC0GE?format=jpg&name=large;jpg;10;90
105;Thierry Pelouse (personnage de Kemar);https://pbs.twimg.com/media/EToPzusXYAAJ755?format=jpg&name=large;jpg;10;90
106;Adolf Mussolin (personnage de Kemar);https://pbs.twimg.com/media/EToP-A0XkAANc6Z?format=jpg&name=large;jpg;10;91
107;Gaetan Le Singe (personnage de Kemar);https://pbs.twimg.com/media/EToQp9LXsAEsMbI?format=jpg&name=large;jpg;10;92
108;Paco Lopez (personnage de Kemar);https://pbs.twimg.com/media/EToQuGLWoAE_IVH?format=jpg&name=large;jpg;10;93
109;Gims;https://images.sk-static.com/images/media/profile_images/artists/6616309/huge_avatar;jpg;10;94
110;Gims;https://www.musicinafrica.net/sites/default/files/styles/article_slider_large/public/images/article/201810/maitre-gims-01.jpg?itok=Axd_BtOP;jpg;10;94
111;Kev Adams;https://static.actu.fr/uploads/2019/11/kev-adams-5-854x590.jpg;jpg;10;95
112;Sébastien Rassiat et Frédéric Molas de Joueur du Grenier;https://upload.wikimedia.org/wikipedia/commons/thumb/9/99/Joueur_du_Grenier_%C3%A0_Polymanga_en_2017.png/1200px-Joueur_du_Grenier_%C3%A0_Polymanga_en_2017.png;jpg;10;97
113;Cédric Villani;https://i.ytimg.com/vi/Kc0Kthyo0hU/maxresdefault.jpg;jpg;10;99;
115;François Asselineau;https://voi.img.pmdstatic.net/fit/http.3A.2F.2Fprd2-bone-image.2Es3-website-eu-west-1.2Eamazonaws.2Ecom.2Fprismamedia_people.2F2017.2F06.2F30.2F87ed199d-bab5-479f-b01d-b958c68689cc.2Ejpeg/2048x1536/quality/80/francois-asselineau.jpeg;jpg;10;101
116;Lorànt Deutsch;https://gal.img.pmdstatic.net/fit/http.3A.2F.2Fprd2-bone-image.2Es3-website-eu-west-1.2Eamazonaws.2Ecom.2Fprismamedia_people.2F2017.2F06.2F30.2F2039d91c-64f1-4ab7-aae8-c94a82b6ce89.2Ejpeg/2216x1536/quality/80/lorant-deutsch.jpeg;jpg;10;102
117;Steve de Minecraft;https://i.pinimg.com/originals/03/58/27/03582777d15a20da4ac3c1af875191cc.jpg;jpg;10;103
118;Laurent Wauquiez;https://www.francetvinfo.fr/image/75rwcg637-8dc6/1200/450/21172007.jpg;jgp;10;104
119;Edwy Plenel;https://medias.laprovence.com/BBBHjP1yxU2Y1fNEdW6yMjNPJPg=/0x15:642x369/1116x670/top/smart/c7fbc86c67304b8dbd9531effc17cf65/20190331_1_2_7_1_1_obj19856610_1.jpg;jgp;10;106
120;Jean-Michel Aulas;https://cdn-media.rtl.fr/cache/W5lOzEBuJsp1zrVohBcB2A/880v587-0/online/image/2019/0218/7796981118_jean-michel-aulas-le-30-aout-2018-a-monaco.jpg;jpg;10;107
121;Didier Deschamps;https://www.sofoot.com/IMG/img_580_380_center_articles-474841.jpg;jgp;10;108
122;Bruno Genesio;https://img.bfmtv.com/c/1256/708/b2c/01858a2910e80c07a1f72540f0657.jpeg;jpg;10;109
123;Olivier Giroud;https://www.sportbusinessmag.com/wp-content/uploads/2019/11/gIROUD.jpg;jpg;10;110
124;Olivier Giroud;https://medias.lequipe.fr/img-photo-jpg/retour-en-grace-pour-giroud-c-wilson-offside-presse-sports/1500000001310761/0:0,1998:1332-624-416-75/5bd37.jpg;jgp;3;110
125;Florian Thauvin;https://medias.lequipe.fr/img-photo-jpg/florian-thauvin-est-incertain-pour-la-reception-de-la-lazio-a-mounic-l-equipe/1500000001035897/0:0,2000:1333-624-416-75/f9577.jpg;jgp;10;111
126;Blaise Matuidi;https://medias.lequipe.fr/img-photo-jpg/blaise-matuidi-va-bien-f-faugere-l-equipe/1500000001318835/0:0,1995:1330-624-416-75/271cc.jpg;jgp;10;112
127;Bill du Bigdil;https://www.radioespace.com/media/news/thumb/870x489_bigdil-retour-c8-18187.jpg;jgp;10;113
128;Pable Iglesias;https://img.aws.la-croix.com/2018/05/22/1200940862/Pablo-Iglesias-leader-Podemos-cours-conference-presse-parti-Madrid-avril-dernier_0_1398_903.jpg;jpg;10;114
129;Un manifestant gilet jaune de dos avec un masque “Macron” caricatural sur le front duquel est écrit “Psycho”;https://cdn-media.rtl.fr/online/image/2019/1212/7799678157_un-gilet-jaune-sur-les-champs-elysees-samedi-16-mars-2019.jpg;jgp;10;115
130;Un manifestant en gilet jaune sur lequel est écrit “Stop ça suffit peuple en colère”;https://medias.liberation.fr/photo/1179962-prodlibe-manifestation-de-la-cgt-contre-le-chomage-et-la-precarite.jpg?modified_at=1544725727&width=960;jpg;10;115
131;Un manifestant de dos en gilet jaune sur lequel est écrit “Fin du moins début du nous”;https://storage.googleapis.com/prd-blogs/2019/12/36321579-78949595_756864474792912_5008107307960107008_n.jpg;jpg;10;115
132;Thanos;https://radiodisneyclub.fr/wp-content/uploads/2017/11/Thanos-700x341.jpg;jgp;10;116
133;Thanos souriant;https://pbs.twimg.com/media/DjmqeyRUwAAFoqx?format=jpg&name=medium;jpg;5;116
134;Un manifestant de dos en gilet jaune sur lequel est écrit “Macron dehors !!! Menteur-voleur nous sommes les 99 % Fuck the systeme ! Liberté - Égalité - Fraternité”;https://resize-europe1.lanmedia.fr/r/620,310,FFFFFF,center-middle/img/var/europe1/storage/images/europe1/dossiers/gilets-jaunes/50995073-2-fre-FR/Gilets-Jaunes.jpg;jgp;10;119
135;Bernie Sanders;https://img.thedailybeast.com/image/upload/c_crop,d_placeholder_euli9k,h_1687,w_3000,x_0,y_0/dpr_1.5/c_limit,w_1044/fl_lossy,q_auto/v1580496583/200130-TRUDO-Bernie-Sanders-Surrogate-Dilemma-tease_hvz9ur;webp;10;120
136;Jean-Pierre Pernaut;https://img-4.linternaute.com/FXS73cTuGm7x54aAhQrfyI0cUjk=/1240x/smart/4b90e15cc9dc43beb405dad7b7335831/ccmcms-linternaute/10978260.jpg;jgp;10;121
137;FlorianOnAir;https://www.anousparis.fr/app/uploads/2019/02/florian-e1550014064710.jpg;jgp;10;122
138;Tibo InShape;https://media.fitnessboutique.fr/images/fr/staticContents/FBFR_1909_Tibo-Inshape-Nutrition-01.jpg;jgp;10;123
139;Alain Soral;https://static.lpnt.fr/images/2019/10/02/19439435lpw-19439728-article-alain-soral-jpg_6550265_1250x625.jpg;jgp;10;124
140;Dieudonné;https://resize-parismatch.lanmedia.fr/img/var/news/storage/images/paris-match/actu/societe/dieudonne-entendu-par-le-parquet-de-geneve-pour-propos-negationnistes-1672159/27264126-1-fre-FR/Dieudonne-entendu-par-le-parquet-de-Geneve-pour-propos-negationnistes.jpg;jgp;10;125
141;Philippe Poutou;https://cdn-lejdd.lanmedia.fr/var/europe1/storage/images/lejdd/philippe-poutou/38628125-2-fre-FR/Philippe-Poutou.jpg;jgp;10;126
142;Olivier Besancenot;https://images.lanouvellerepublique.fr/image/upload/t_1020w/5ca9498e8be540fd0f8b4a90.jpg;jgp;10;127
143;Karim Debbache;https://loeildukraken.fr/wp-content/uploads/2017/07/Karim_Debbache_1-1024x768.jpg;jgp;10;128
144;Karim Benzema;https://static.cnews.fr/sites/default/files/styles/image_640_360/public/icon_am19213_030_5dc969ca95e5a_0.jpg?itok=LaZLIFAX;jpg;10;129;
145;Xi Jinping;https://www.lesoir.be/sites/default/files/dpistyles_v2/ena_16_9_extra_big/2020/01/25/node_275413/27385512/public/2020/01/25/B9722355087Z.1_20200125150141_000+GSKFCJH6B.1-0.jpg?itok=S7wlbYOD1579961088;jpg;10;130
146;Un journaliste;https://www.cathkathcatt.ch/f/wp-content/uploads/sites/3/2018/11/du-journaliste.jpg;jgp;10;131
147;Un agriculteur dans son champs;https://www.terre-net.fr/ulf/TNM_Biblio/fiche_152192/fiches_Ph_Agriculteur_dans_ble_-_Olena_Mykhaylova_Fotolia.jpg;jpg;10;135
148;Manifestants dans un Black Bloc;https://backend.streetpress.com/sites/default/files/field/image/cover_28.jpg;jgp;10;136
149;Carlos Ghosn;https://img.bfmtv.com/c/1000/600/513/a2a7f2735c49c0db89bc4c3c59e33.jpeg;jpg;10;137
150;Patrick Sébastien;https://fac.img.pmdstatic.net/fit/http.3A.2F.2Fprd2-bone-image.2Es3-website-eu-west-1.2Eamazonaws.2Ecom.2Ffac.2F2019.2F11.2F21.2Fd6ae73c7-3d3e-4861-a60f-82d1242b3f40.2Ejpeg/737x415/quality/90/crop-from/center/focus-point/5032%2C2281/patrick-sebastien-le-plus-grand-cabaret-du-monde-fait-son-retour-avec-un-gros-changement.jpeg;jpg;10;138
151;Julien Lepers;https://tel.img.pmdstatic.net/fit/http.3A.2F.2Fimages.2Eone.2Eprismamedia.2Ecom.2FproviderPerson.2F5.2F4.2Fc.2F0.2F5.2Fb.2F5.2F4.2Ff.2Fb.2F2.2F7.2F5.2F4.2Fe.2F4.2Ejpeg/300x300/quality/80/julien-lepers.jpeg;jpg;10;139
152;Yann Barthès;https://www.valeursactuelles.com/sites/default/files/styles/image_article/public/2020-03/Barthe%CC%80s.jpg?itok=iit6D8iN;jgp;10;140
153;Kirby;https://image.jeuxvideo.com/medias-sm/152940/1529399079-821-logo.png;png;10;141
154;Nicolas Dupont-Aignan bâilloné avec son écharpe d’élu;https://assets.streetpress.com/system/files/14546/original/dupont-baillone.jpg?1329929723;jpg;2;142;
155;Nicolas Dupont-Aignan;https://vignette.wikia.nocookie.net/dissidence/images/1/10/Nicolas_Dupont-Aignan.jpg/revision/latest?cb=20181001163040&path-prefix=fr;jpg;10;142;
156;Stéphane Plaza;https://www.non-stop-people.com/sites/non-stop-people.com/files/styles/article/public/styles/paysage/public/images/2019/06/miss_france_2020_-_stephane_plaza_aura_un_role_pendant_lelection.jpg?itok=94320EZi;jpg;10;146;
157;Jean-Claude Van Damme;https://gal.img.pmdstatic.net/fit/http.3A.2F.2Fprd2-bone-image.2Es3-website-eu-west-1.2Eamazonaws.2Ecom.2Fprismamedia_people.2F2017.2F06.2F30.2F7c27c579-10a2-464c-ab4d-4da173184c68.2Ejpeg/2216x1536/quality/80/jean-claude-van-damme.jpeg;jpg;10;147;
158;IbraTV;https://www.slate.fr/sites/default/files/styles/1200x680/public/ibratv.jpg;jpg;10;148;
159;Antoine Griezmann;https://le10static.com/img/cache/article/576x324/0000/0016/160689.jpeg;jpg;10;149;
160;Lacrim;https://img.aws.la-croix.com/2019/02/08/1301001125/rappeur-Lacrim-4-fevrier-20198-Paris_0_728_486.jpg;jpg;10;150;
161;Damien Saez;https://www.slate.fr/sites/default/files/styles/1060x523/public/saez-amneville.jpg;jpg;10;152;
162;Jérôme Cahuzac à un meeting “Lutte contre la fraude fiscale” en 2012;https://medias.liberation.fr/photo/506822-jerome-cahuzac-alors-ministre-du-budget-lors-d-une-conference-de-presse-sur-la-lutte-contre-la-fraud.jpg?modified_at=1364986607&width=960;jpg;10;153;
163;François Ruffin;https://img.bfmtv.com/i/0/0/5f1/cbe8c4c42314b13f6a8c59829618e.jpeg;jpg;10;154;
164;George W. Bush;https://upload.wikimedia.org/wikipedia/commons/d/d4/George-W-Bush.jpeg;jpg;10;155;
165;Éric Judor;https://static.espacepeople.com/espacepeople/public/2019-04/eric_judor_etonne_par_les_declarations_de_ramzy.jpg;jgp;10;156;
166;Benjamin Netanyahu;https://s.france24.com/media/display/062ac5c2-41b0-11ea-9cee-005056bfd1d9/w:1240/p:16x9/2020-01-19T140100Z_1549438611_RC22JE9F7MJ4_RTRMADP_3_ISRAEL-POLITICS.webp;webp;10;157;
167;Julien Coupat;https://france3-regions.francetvinfo.fr/nouvelle-aquitaine/sites/regions_france3/files/styles/top_big/public/assets/images/2018/12/10/maxnewsfrfour023113-3991259.jpg?itok=ILpkjt6t;jpg;10;160;
168;Rohff;https://www.abcdrduson.com/wp-content/uploads/2011/01/rohff_2.jpg;jgp;10;161;
169;Abdelaziz Bouteflika;https://www.challenges.fr/assets/img/2019/02/27/cover-r4x3w1000-5c7c0ae386552-algerie-paris-souhaite-la-transparence-de-la-campagne.jpg;jgp;10;162;
170;Garfield;https://media.begeek.fr/2019/12/garfield-660x369.jpg;jgp;10;163;
171;Jean-Pierre Foucault;https://fac.img.pmdstatic.net/fit/http.3A.2F.2Fprd2-bone-image.2Es3-website-eu-west-1.2Eamazonaws.2Ecom.2FFAC.2Fvar.2Ffemmeactuelle.2Fstorage.2Fimages.2Fculture.2Fnews-culture.2Fqui-est-evelyne-jarre-la-femme-de-jean-pierre-foucault-31058.2F14114924-1-fre-FR.2Fphotos-decouvrez-evelyne-jarre-la-compagne-de-jean-pierre-foucault.2Ejpg/750x562/quality/80/crop-from/center/cr/wqkgVmlzdWFsIC8gRmVtbWUgQWN0dWVsbGU%3D/photos-qui-est-evelyne-jarre-la-compagne-de-jean-pierre-foucault.jpeg;jgp;10;164;
172;David Guetta;https://fac.img.pmdstatic.net/fit/http.3A.2F.2Fprd2-bone-image.2Es3-website-eu-west-1.2Eamazonaws.2Ecom.2Ffac.2F2019.2F08.2F11.2Fe8277c0e-2d3a-4596-83f1-21009dead0de.2Epng/750x562/quality/80/crop-from/center/cr/wqkgQUdFTkNFIC8gQkVTVElNQUdFICAvIEZlbW1lIEFjdHVlbGxl/photo-david-guetta-a-52-ans-il-affiche-ses-abdos-et-bluffe-la-toile.jpeg;jgp;10;165;
173;Jack Dorsey;https://techcrunch.com/wp-content/uploads/2019/01/GettyImages-1027291750.jpg;jpg;10;166;
174;Benoît Hamon;https://www.challenges.fr/assets/img/2016/08/17/cover-r4x3w1000-588f4dd514e03-benoit-hamon-candidat-a-la-primaire-du-ps.jpg;jpg;10;167;
175;Jeremy Corbyn;https://s.france24.com/media/display/7429f578-1d5e-11ea-8cae-005056bf87d6/w:1240/p:16x9/2019-12-13t034104z_1053346234_.jpg;jpg;10;169;
176;Un CRS;https://cdnfr1.img.sputniknews.com/img/104022/22/1040222285_0:0:5105:2762_1000x541_80_0_0_2cfcea7103162854dce139fbdb2b1d8b.jpg;jpg;10;170;
177;Gérard Depardieu;https://resize-parismatch.lanmedia.fr/img/var/news/storage/images/paris-match/people/gerard-depardieu-la-france-un-disneyland-peuple-d-imbeciles-1074205/15342769-1-fre-FR/Gerard-Depardieu-La-France-Un-Disneyland-peuple-d-imbeciles.jpg;jgp;10;171;
178;Slavoj Žižek avec un t-shirt “I would prefer no to”;https://i.imgur.com/dw7YdIX.jpg;jpg;5;172;
179;Slavoj Žižek;https://images.vice.com/vice/images/articles/meta/2013/12/21/slavoj-zizek-1413292626951.jpeg?crop=1xw%3A1xh%3Bcenter%2Ccenter&resize=2000%3A*;jpg;10;172;
180;PewDiePie;https://www.numerama.com/content/uploads/2017/09/pewdiepie.jpg;jpg;10;173;
181;Internet;https://dyw7ncnq1en5l.cloudfront.net/optim/news/14/148403/f969e06f-coronavirus-internet-un-record-de-bande-passante-atteint-d-autres-a-prevoir__908_512__205-135-1901-1091.jpeg;jpg;10;174;
182;Le cloud;https://img.phonandroid.com/2018/11/internet.jpg;jpg;10;174;
183;Internet;https://www.larousse.fr/encyclopedie/data/images/1311754-Repr%C3%A9sentation_du_symbole_dInternet_dans_le_monde.jpg;jpg;10;174;
184;Plantu;https://upload.wikimedia.org/wikipedia/commons/e/ea/Jean_Plantu.jpg;jpg;10;175;
185;Yann Moix;https://img.huffingtonpost.com/asset/5d61d3332500004e0085db25.jpeg?cache=aeB1VAYiiN&ops=crop_13_25_2987_1827,scalefit_630_noupscale;jpg;10;176;
186;Alain Teub;https://pbs.twimg.com/media/EToQ3yOXYAAUd2v?format=png&name=large;jpg;10;177;
187;Bakari Konté (personnage de Teddy Férent);https://pbs.twimg.com/profile_images/731797957603921920/mBRBWZmT.jpg;jpg;10;178;
188;Dimitri Crackers (personnage de Kemar);https://statics.lesinrocks.com/content/thumbs/uploads/2017/07/width-1125-height-612-srcset-1/kemar.jpg;jpg;10;179;
189;Jay-Z;https://nyppagesix.files.wordpress.com/2020/01/jay-z.jpg?quality=80&strip=all;jpg;10;180;
190;Nicolàs Maduro;https://s.france24.com/media/display/095973b6-1ff0-11e9-a601-005056bff430/w:1240/p:16x9/maduro-venezuela-investiture-m.jpg;jpg;10;181;
191;Éric Dupont-Moretti;https://images.ladepeche.fr/api/v1/images/view/5cb9836a8fe56f4e4473dd45/large/image.jpg;jpg;10;182;
192;Reggie Fils-Aimé;https://media.begeek.fr/2018/06/Reggie-Fils-Aim%C3%A9-E3-2018-660x371.jpg;jpg;10;184;
193;Antoine Daniel;https://tel.img.pmdstatic.net/fit/http.3A.2F.2Fprd2-bone-image.2Es3-website-eu-west-1.2Eamazonaws.2Ecom.2FTEL.2Enews.2F2018.2F01.2F11.2F6e0c61ca-8e03-4e2e-9c9b-c5cd5260036d.2Ejpeg/1150x495/crop-from/top/quality/80/vanilla-clyde-antoine-daniel-devoile-un-premier-extrait-de-sa-serie-audio.jpg;jpg;10;185;
194;Drake;https://www.rap-up.com/app/uploads/2020/01/drake-tp.jpg;jpg;10;186;
195;Gad Elmaleh;https://i.le360.ma/fr/sites/default/files/styles/image_la_une_on_home_page/public/assets/images/2019/12/gad-elmaleh.jpg;jpg;10;188;
196;Philippe Etchebest;https://resize.programme-television.ladmedia.fr/r/670,670/img/var/premiere/storage/images/tele-7-jours/news-tv/le-coup-de-gueule-de-philippe-etchebest-apres-le-discours-d-emmanuel-macron-4656291/99097548-1-fre-FR/Le-coup-de-gueule-de-Philippe-Etchebest-apres-le-discours-d-Emmanuel-Macron.jpg;jpg;10;189;
197;Gordon Ramsay;https://static1.purepeople.com/articles/8/30/22/88/@/4276601-gordon-ramsay-celebrites-lors-du-50-em-624x600-2.jpg;jpg;10;190;
198;Thomas Cyrix;https://api.tipeee.com/cache/20190301091300/media/1241260/2c68e9b323966495faef0cc4dcba4dbb8b62b709.jpeg;jpg;10;191;
199;François de Rugy;https://gal.img.pmdstatic.net/fit/http.3A.2F.2Fprd2-bone-image.2Es3-website-eu-west-1.2Eamazonaws.2Ecom.2Fprismamedia_people.2F2017.2F10.2F18.2Fc52ade29-8869-4da0-a24f-1af181e20c06.2Ejpeg/937x649/quality/80/francois-de-rugy.jpeg;jpg;10;192;
200;Boris Johnson;https://img.lemde.fr/2020/01/03/0/0/2581/1633/688/0/60/0/fd025f7_aafe2aeddad14779a622980f979962ba-aafe2aeddad14779a622980f979962ba-0.jpg;jpg;10;193;
201;Francky Vincent;https://fac.img.pmdstatic.net/fit/http.3A.2F.2Fprd2-bone-image.2Es3-website-eu-west-1.2Eamazonaws.2Ecom.2Ffac.2F2019.2F02.2F27.2F83c89cff-2d02-463e-9004-97bee0b46790.2Ejpeg/750x562/quality/80/crop-from/center/cr/wqkgR2V0dHkgLyBGZW1tZSBBY3R1ZWxsZQ%3D%3D/focus-point/561%2C229/le-chanteur-francky-vincent-se-lance-en-politique-pour-les-municipales-de-2020.jpeg;jpg;10;195;
202;6ix9ine;https://www.rap-up.com/app/uploads/2018/11/tekashi-6ix9ine-mia-fest.jpg;jpg;10;196;
203;Jean-Marie Bigard;https://img-4.linternaute.com/8mXv34NFwKlgx7y_N3BE20qBYsY=/1240x/smart/73834287d428460fa8f2013dda41f171/ccmcms-linternaute/11535276.jpg;jpg;10;197;
204;Laurent Alexandre;https://i2.wp.com/maisouvaleweb.fr/wp-content/uploads/2017/08/L.A.jpg?resize=760%2C390;jpg;10;198;
205;Brigitte Macron;https://fac.img.pmdstatic.net/fit/http.3A.2F.2Fprd2-bone-image.2Es3-website-eu-west-1.2Eamazonaws.2Ecom.2Ffac.2F2020.2F03.2F16.2Fd534b832-daa4-4276-9ade-b5f128e7e22b.2Ejpeg/737x415/quality/90/crop-from/center/focus-point/855%2C351/photos-brigitte-macron-son-astuce-parfaite-pour-rester-au-chaud-sous-son-petit-manteau-pratique-et-tendance.jpeg;jpg;10;200;
206;Bowsette;https://s3-ca-central-1.amazonaws.com/jeuxcanada-images/wp-content/uploads/2019/01/07094157/bowsette.jpg;jpg;10;201;
207;Princesse Peach;https://i.jeuxactus.com/datas/jeux/s/u/super-princess-peach/xl/super-princess-peach-4e262df45ce11.jpg;jpg;10;202;
208;Marie (Animal Crossing);https://upload.wikimedia.org/wikipedia/en/thumb/2/26/Isabelle_AF.png/220px-Isabelle_AF.png;png;10;203;
209;Marine Le Pen;https://medias.laprovence.com/2fgTJAcpyZfnPlhLPGth8F71MwU=/0x94:1511x925/850x575/top/smart/623f3d8a14f845778a029cab1219dedc/1576779529_dccavaillon-28651-122019-1r8a0763.t5dfbad72.m2048.xrbvsk7qf.jpg;jgp;10;204;
210;Hillary Clinton;https://upload.wikimedia.org/wikipedia/commons/thumb/2/27/Hillary_Clinton_official_Secretary_of_State_portrait_crop.jpg/480px-Hillary_Clinton_official_Secretary_of_State_portrait_crop.jpg;jgp;10;206;
211;Manifestante de dos en gilet jaude sur lequel se trouve les logos de la paix et d’Extinction Rebellion et la phrase “On ne lâchera rien les gilets jaunes”;https://resize-parismatch.lanmedia.fr/r/625,417,forcex,center-middle/img/var/news/storage/images/paris-match/actu/societe/malgre-le-coronavirus-des-gilets-jaunes-defilent-a-paris-pour-leur-acte-70-1678768/27361107-1-fre-FR/Malgre-le-coronavirus-des-gilets-jaunes-defilent-a-Paris-pour-leur-acte-70.jpg;jpg;10;207;
212;Manifestante de dos en gilet jaune sur lequel est écrit “Quand tu sèmes la misère tu récoltes là colère Français en colère”;https://resize-parismatch.lanmedia.fr/r/625,417,forcex,center-middle/img/var/news/storage/images/paris-match/actu/societe/malgre-le-coronavirus-des-gilets-jaunes-defilent-a-paris-pour-leur-acte-70-1678768/27361107-1-fre-FR/Malgre-le-coronavirus-des-gilets-jaunes-defilent-a-Paris-pour-leur-acte-70.jpg;jpg;10;207;
213;Une poule rousse;https://www.anigaido.com/media/zoo_animaux/201-300/229/poule-3-thomas-pierre-xl.jpg;jpg;10;208;
214;Une poule rousse couvant ses œufs;https://img.cuisineaz.com/680x357/2019-06-12/i147564-poule.jpeg;jpg;10;208;
215;Natoo;https://resize-parismatch.lanmedia.fr/img/var/news/storage/images/paris-match/people/natoo-le-jour-ou-je-quitte-la-police-pour-devenir-youtubeuse-1465457/24052538-1-fre-FR/Natoo-Le-jour-ou-je-quitte-la-police-pour-devenir-youtubeuse.jpg;jpg;10;209;
216;Mylène Farmer;https://img.20mn.fr/Qd1ib8SmSiOeAbCb-AQEZg/830x532_mylene-farmer-scene-paris-defense-arena-juin-2019.jpg;jpg;10;210;
217;Arielle Dombasle;https://voi.img.pmdstatic.net/fit/http.3A.2F.2Fprd2-bone-image.2Es3-website-eu-west-1.2Eamazonaws.2Ecom.2Fprismamedia_people.2F2017.2F06.2F30.2F290d787d-3198-4a17-885a-8ac763344307.2Ejpeg/2048x1536/quality/80/arielle-dombasle.jpeg;jpg;10;211;
218;Laurence Boccolini;https://ctr.cdnartwhere.eu/sites/demo/files/styles/manual_crop/public/2020-01/laurence-boccolini-b-chevalin.jpg;jpg;10;212;
219;Valérie Damidot;https://static1.purepeople.com/articles/2/36/06/32/@/5189159-valerie-damidot-au-photocall-de-tf1-pal-624x600-3.jpg;jpg;10;213;
220;Aurore Bergé;https://static.lpnt.fr/images/2020/02/17/20052832lpw-20060068-article-jpg_6915336_1250x625.jpg;jpg;10;214;
221;Nicole Belloubet;https://static.lexpress.fr/medias_12194/w_2048,h_1146,c_crop,x_0,y_58/w_1000,h_563,c_fill,g_north/v1583872371/nicole-belloubet-le-11-decembre-2019-a-la-sortie-de-l-elysee_6243682.jpg;jgp;10;215;
222;Christine Boutin;https://resize-elle.ladmedia.fr/r/625,,forcex/crop/625,625,center-middle,forcex,ffffff/img/var/plain_site/storage/images/societe/news/les-etranges-confidences-de-christine-boutin-sur-sa-sexualite-2694901/46913597-1-fre-FR/Les-etranges-confidences-de-Christine-Boutin-sur-sa-sexualite.jpg;jgp;10;216;
223;Frigide Barjot;https://www.challenges.fr/assets/img/2013/05/29/cover-r4x3w1000-5898852f0adb0-virginie-tellene-alias-frigie-barjot-le-26-mai-2013-a-paris.jpg;jpg;10;217;
224;Theresa May;https://img.bfmtv.com/c/1256/708/677/31b4e14121f4c2ec6ed157032baf3.jpeg;jpg;10;218;
225;Aya Nakamura;https://voi.img.pmdstatic.net/fit/http.3A.2F.2Fprd2-bone-image.2Es3-website-eu-west-1.2Eamazonaws.2Ecom.2Fvoi.2F2019.2F09.2F19.2Fe081cb59-2d42-45c3-8556-969e7720ed71.2Ejpeg/460x258/quality/80/focus-point/474%2C284/aya-nakamura-zoom-sur-ses-excentricites-capillaires.jpg;jpg;10;219;
226;Angela Merkel;https://img.aws.la-croix.com/2020/03/19/1201084981/Angela-Merkelde-allocution-sujet-coronavirus-18-2020_0_729_486.jpg;jpg;10;220;
227;Isabelle Balkany;https://remeng.rosselcdn.net/sites/default/files/dpistyles_v2/ena_16_9_extra_big/2019/12/16/node_117074/11482772/public/2019/12/16/B9721956549Z.1_20191216220221_000%2BGRMF4UEF8.1-0.jpg?itok=bIv8wqsg1576530364;jpg;10;221;
228;Isabelle Balkany;https://pbs.twimg.com/media/EQlfATrWAAIEAKF?format=jpg&name=large;jpg;5;221;
229;Une journaliste;https://isis.siep.be/uploads/jobs/images/sidebar/journaliste-893.jpg;jpg;10;222;
230;Nabilla Benattia;https://static1.purepeople.com/articles/1/37/98/71/@/5484131-exclusif-nabilla-benattia-vergara-en-624x600-2.jpg;jpg;10;223;
231;Anne Hidalgo;https://cdn.paris.fr/paris/2019/07/31/huge-b171ab89cd1edc0b038083d46a7eb6a0.jpg;jpg;10;224;
232;Melania Trump;https://cdn.images.express.co.uk/img/dynamic/78/590x/melania-trump-1256638.jpg?r=1584532433573;jpg;10;225;
233;Elizabeth II;https://tel.img.pmdstatic.net/fit/http.3A.2F.2Fprd2-bone-image.2Es3-website-eu-west-1.2Eamazonaws.2Ecom.2Ftel.2F2020.2F03.2F20.2F11149090-c5de-447f-b95f-1ce665eaebfa.2Ejpeg/530x230/quality/80/elizabeth-ii-confinee-a-windsor-la-reine-sort-du-silence-photo.jpg;jpg;10;226;
234;Une vigneronne;https://file1.pleinevie.fr/var/pleinevie/storage/images/article/special-retraite-des-femmes-agricultrice-recuperer-des-annees-18344/112039-7-fre-FR/RETRAITE-DES-FEMMES-Agricultrice-recuperer-des-annees.jpg?alias=original;jpg;10;227;
235;Deux gendarmes;https://img.cours-servais.fr/wp-content/uploads/sites/39/metier-gendarme.jpg;jpg;10;228;
236;Élise Lucet;https://gal.img.pmdstatic.net/fit/http.3A.2F.2Fprd2-bone-image.2Es3-website-eu-west-1.2Eamazonaws.2Ecom.2Fprismamedia_people.2F2017.2F06.2F30.2F3fd39de6-3f2d-430b-85aa-999140974186.2Ejpeg/2216x1536/quality/80/elise-lucet.jpeg;jpg;10;229;
237;Eugénie Bastié;https://mobile.agoravox.fr/local/cache-vignettes/L610xH600/Eugenie-bastie-2-f2d11.jpg;jpg;10;230;
238;Christine And The Queens;https://img.lemde.fr/2020/02/27/662/0/7109/3551/1440/720/60/0/a085548_lOccHXbRgiKuSB6JnHJM32WP.jpg;jpg;10;231;
239;J.K. Rowling;https://static.lpnt.fr/images/2019/01/09/17899883lpw-17899979-article-jpg_5877461_980x426.jpg;jpg;10;232;
240;Brigitte Bardot;https://img.huffingtonpost.com/asset/5e58d7402300005d0d0bf50b.jpeg?cache=U6bKkGTchn&ops=crop_0_734_2608_1679,scalefit_630_noupscale;jpg;10;233;
241;Solange Te Parle;https://medias.liberation.fr/photo/1007503-sol.jpg?modified_at=1490629937;jpg;10;234;
242;EnjoyPhoenix;https://gal.img.pmdstatic.net/fit/http.3A.2F.2Fprd2-bone-image.2Es3-website-eu-west-1.2Eamazonaws.2Ecom.2Fprismamedia_people.2F2017.2F06.2F30.2F36262e55-a262-4c32-a88d-6831696756c2.2Ejpeg/2216x1536/quality/80/enjoyphoenix.jpeg;jpg;10;235;
243;Nicki Minaj;https://cdn-s-www.lalsace.fr/images/E77848A3-6C9E-4602-A38F-68B4797A7602/NW_raw/nicki-minaj-se-revendique-feministe-et-ne-chantera-donc-pas-pour-les-saoudiens-photo-angela-weiss-afp-1562700165.jpg;jpg;10;243;
244;Azealia Banks;https://upload.wikimedia.org/wikipedia/commons/8/87/Azealia_Banks_2012_NME_Awards_cropped.jpg;jpg;10;236;
245;Kim Kardashian;https://a57.foxnews.com/static.foxnews.com/foxnews.com/content/uploads/2020/01/931/524/Kim-Kardashian-black-suit.jpg?ve=1&tl=1;jpg;10;238;
246;Marlène Schiappa;https://www.challenges.fr/assets/img/2020/01/20/cover-r4x3w1000-5e71300fc2490-061889aacd228036cc1fd36d69cc37a5ee5689f8-jpg.jpg;jpg;10;239;
247;Cristina Cordula;https://img-4.linternaute.com/b7uO-DJHwEoTVW1YgCN0iyCkIHI=/1240x/smart/c542343ffdea4eb389a3bfc55c7b9d0e/ccmcms-linternaute/11008364.jpg;jpg;10;240;
248;Valérie Pécresse;https://img.aws.la-croix.com/2019/06/06/1201027135/Valerie-Pecresse-20-2019_0_729_486.jpg;jpg;10;241;
249;Beyoncé;https://cdn-media.rtl.fr/cache/PkqzUEFWnrcDJCg4X1e7Yg/880v587-0/online/image/2018/0618/7793804408_beyonce-sur-la-scene-du-festival-de-coachella-le-14-avril-2018.jpg;jpg;10;242;
250;Greta Thunberg;https://www.serialblogueuse.com/wp-content/uploads/2019/09/greta-thunberg-990x556.jpg;jpg;10;245;
251;Flash News Bot;https://repository-images.githubusercontent.com/248945816/843d7880-707f-11ea-9f04-6012dc0c0d64;jpg;10;246;
252;Benjamin Griveaux;https://cdn-s-www.leprogres.fr/images/0A2F8E17-3E97-449E-8875-59B31DFB4930/NW_raw/photo-d-illustration-christophe-ena-pool-afp-1580631202.jpg;jpg;10;247;
253;dril;https://pbs.twimg.com/profile_images/847818629840228354/VXyQHfn0_bigger.jpg;jpg;10;248;
254;Eminem;https://cdn.radiofrance.fr/s3/cruiser-production/2020/01/aa9dfc2f-f9a3-47ef-81e5-21b2392ec104/456x256-noTransform_eminem-music-to-be-murdered-by_cover_3.jpg;jpg;10;249;
255;Hatsune Miku;http://image.jeuxvideo.com/medias-md/158350/1583496407-1635-card.png;png;10;250;
256;Zineb El Rhazoui;https://static1.ozap.com/articles/4/58/09/64/@/4619471-zineb-el-rhazoui-opengraph_1200-1.jpg;jpg;10;251;
257;Clément Viktorovitch;https://statics.lesinrocks.com/content/thumbs/uploads/2019/11/width-1125-height-612-quality-10/capturedecran2019-11-06a094559-width_1440_height_784_x_0_y_50.png;png;10;252;
258;Mouloud Achour;https://medias.liberation.fr/photo/1247853-000_1af3bxjpg.jpg?modified_at=1567434864&width=960;jpg;10;253;
259;Jean-Luc Reichmann;https://resize-parismatch.lanmedia.fr/img/var/news/storage/images/paris-match/people/jean-luc-reichmann-publie-un-adorable-cliche-de-sa-maman-pour-son-anniversaire-1646152/26865121-1-fre-FR/Jean-Luc-Reichmann-publie-un-adorable-cliche-de-sa-maman-pour-son-anniversaire.jpg;jpg;10;254;
260;Jair Bolsonaro;https://compote.slate.com/images/e26b3103-19cd-4cc4-8283-2681eb3afbbd.jpeg?width=780&height=520&rect=5568x3712&offset=0x0;jpg;10;255;
261;Jair Bolsonaro avec un masque;https://static.lpnt.fr/images/2020/03/20/20173513lpw-20173510-article-jpg_6990769.jpg;jpg;5;255;
262;Marion Maréchal;https://www.ifop.com/wp-content/uploads/2019/06/Marion-Le-Pen.jpg;jpg;10;256;
263;Michel Sardou;https://voi.img.pmdstatic.net/fit/http.3A.2F.2Fprd2-bone-image.2Es3-website-eu-west-1.2Eamazonaws.2Ecom.2Fprismamedia_people.2F2017.2F06.2F30.2Fc2203640-ec88-4dbd-9bcb-fab80dab7628.2Ejpeg/2048x1536/quality/80/michel-sardou.jpeg;jpg;10;257;
264;Sardoche;https://static1.millenium.org/articles/9/29/83/79/@/485087-armateam-lol-sardoche-article_m-2.jpg;jpg;10;258;
265;François Bayrou;https://static.lexpress.fr/medias_11337/w_2048,h_1146,c_crop,x_0,y_177/w_1000,h_563,c_fill,g_north/v1487768957/francois-bayrou-34_5804695.jpg;jpg;10;259;
266;David Pujadas;https://resize-parismatch.lanmedia.fr/r/625,417,center-middle,ffffff/img/var/news/storage/images/paris-match/culture/medias/david-pujadas-evoque-son-souvenir-partage-du-face-a-face-christine-angot-et-francois-fillon-1482650/24291821-1-fre-FR/David-Pujadas-evoque-son-souvenir-partage-du-face-a-face-Christine-Angot-et-Francois-Fillon.jpg;jpg;10;260;
267;Jean-Pierre Elkabbach;https://gal.img.pmdstatic.net/fit/http.3A.2F.2Fprd2-bone-image.2Es3-website-eu-west-1.2Eamazonaws.2Ecom.2Fprismamedia_people.2F2017.2F10.2F17.2F4da5b288-4790-47e6-8884-a55cc670f6ed.2Ejpeg/3051x2112/quality/80/jean-pierre-elkabbach.jpeg;jpg;10;261;
268;Roméo Elvis;https://img.20mn.fr/oUd13JRJR-OQiz1syhJxog/310x190_romeo-elvis-sort-album-chocolat.jpg;jpg;10;262;
269;Angèle;https://img.nrj.fr/w5Sq-TkVr2McsHiQYPau-yTvrwA=/800x450/smart/https%3A%2F%2Fimage-api.nrj.fr%2Fmedias%2F2018%2F10%2Fangele-fiche_5bc9a73049ee5.jpg;jpg;10;263;
270;Lomepal;https://remeng.rosselcdn.net/sites/default/files/dpistyles_v2/ena_16_9_extra_big/2019/10/24/node_103856/11395068/public/2019/10/24/B9721370875Z.1_20191024201522_000%2BGGQEOTA12.1-0.jpg?itok=e1r-1Wxk1571985037;jpg;10;264;
271;Gaetan Le Singe (personnage de Kemar qui ressemble à Lomepal);https://pbs.twimg.com/media/EToQp9LXsAEsMbI?format=jpg&name=large;jpg;3;264;
272;Henri Dès;https://voi.img.pmdstatic.net/fit/http.3A.2F.2Fprd2-bone-image.2Es3-website-eu-west-1.2Eamazonaws.2Ecom.2Fvoi.2F2019.2F11.2F29.2F4d7e4e99-4fc4-472b-8a38-90c1c657f467.2Ejpeg/2048x1536/quality/80/henri-des.jpeg;jpg;10;270;
273;Flat Eric;https://www.site-annonce.fr/sh-img/220px-Flat_Eric_pose_2.jpg;jpg;10;271;
274;Flat Eric;https://www.greenroom.fr/wp-content/uploads/2016/09/Mr-Oizo-e1474449585887.jpg;jpg;10;271;
275;Louis de Bourbon;https://medias.laprovence.com/_FQz_FgUVUOg3Nec00IkyJ1a4go=/1116x670/top/smart/7d2d9461879f45caabf22f7c0e1f0a7c/20140427_1_6_1_1_0_obj6346222_1.jpg;jpg;10;272;
276;Jean d’Orléans;https://www.pointdevue.fr/sites/pointdevue.fr/files/styles/w600/public/styles/carre/public/005niv_50_eme_anniversaire_du_prince_jean_dorleans.jpg;jpg;10;273;
277;Jean-Christophe Napoléon;https://www.pointdevue.fr/sites/pointdevue.fr/files/styles/w600/public/styles/carre/public/_dsc3162.jpg;jgp;10;274;
278;Edgar Morin;https://lejournal.cnrs.fr/sites/default/files/styles/asset_image_full/public/assets/images/edgar_morin_leemage_opale53298_11.jpg?itok=_z20xxd9;jpg;10;275;
279;MHD;https://resize-public.ladmedia.fr/img/var/public/storage/images/news/mhd-en-prison-il-fera-ses-debuts-au-cinema-1610999/41436589-1-fre-FR/MHD-en-prison-Il-fera-ses-debuts-au-cinema-!.jpg;jpg;10;276;
280;Ademo;https://cdn.radiofrance.fr/s3/cruiser-production/2019/11/36f59d6d-622c-4ef5-8bb4-ff367beb42b5/456x256-noTransform_ademo.jpg;jpg;10;277;
281;N.O.S;https://cdn.radiofrance.fr/s3/cruiser-production/2019/06/6b7ff198-d68e-4a1b-8f5a-9ac3e995fde4/456x256-noTransform_nos_3.jpg_coupee.jpg;jpg;10;278;
282;YouTube;https://www.influenth.com/wp-content/uploads/2019/03/fonctionnement-algorithme-youtube-2019-uhe.jpg;jpg;10;279;
283;Catherine Barma;https://static.lexpress.fr/medias_12020/w_1557,h_871,c_crop,x_265,y_185/w_1000,h_563,c_fill,g_north/v1550749050/catherine-barma-produit-laurent-ruquier-et-yann-moix_6154388.jpg;jpg;10;280;
284;Juan Branco;https://static.lexpress.fr/medias_12014/w_2048,h_1146,c_crop,x_0,y_0/w_1000,h_563,c_fill,g_north/v1578651987/juan-branco_6151646.jpg;jpg;10;281;
285;Élisabeth Lévy;https://i.f1g.fr/media/figaro/orig/2019/01/11/XVM330a6654-15d0-11e9-b0d8-b9c9a2bffeff.jpg;jpg;10;282;
286;Bernard-Henri Lévy;https://medias.laprovence.com/GeLIb8-_xrCZ5giX-wvrJXz06ic=/0x10:642x363/850x575/top/smart/a307b905c05f4b8f9eb401dc365f8f51/20180530_1_6_1_1_0_obj17619409_1.jpg;jpg;10;283;
287;PNL;https://media.melty.fr/pmedia-4109048-ajust_700/le-groupe-pnl-dans-leur-cite-des-tarterets.jpg;jpg;10;284;
288;Bigflo;https://vignette.wikia.nocookie.net/pommeoignon/images/7/70/Bigflo_et_Oli-Bigflo.png/revision/latest?cb=20181207192537&path-prefix=fr;png;10;285;
289;Bigflo et Oli;https://static.actu.fr/uploads/2019/10/bigfloetoli-854x610.jpg;jpg;5;285;
290;Bigflo;https://static.actu.fr/uploads/2019/03/Stories-%E2%80%A2-Instagram-Google-Chrome-1.png;png;5;285;
291;Oli;https://static1.purepeople.com/articles/3/27/73/63/@/3915316-olivio-ordonez-oli-du-groupe-de-rap-bi-950x0-2.jpg;jpg;10;286;
292;Oli et Bigflo;https://www.corsenetinfos.corsica/photo/art/grande/30061714-28843993.jpg?v=1548340088;jpg;10;286;
293;Jean-Michel Jarre;https://www.telerama.fr/sites/tr_master/files/styles/simplecrop1000/public/jarre76_0.jpg?itok=jJ9sMdai&sc=c89e34ec78c8d690dabb6b9177a6f87d;jpg;10;287;
294;Madonna;https://img.20mn.fr/gZ0lYiloRAm2UZgEit4tYg/830x532_madonna-annuler-deux-dates-concert-plus.jpg;jpg;10;288;
295;Lula da Silva;https://www.humanite.fr/sites/default/files/images/73251.HR.jpg;jpg;10;289;
296;Timothée Chalamet;https://i.f1g.fr/media/madame/orig/sites/default/files/img/2019/02/timothee-chalamet_0.jpg;jpg;10;290;
297;Éric Zemmour;https://static.lexpress.fr/medias_12150/w_2045,h_1144,c_crop,x_3,y_75/w_480,h_270,c_fill,g_north/v1572361411/eric-zemmour-le-16-mars-2019-a-la-foire-du-livre-a-paris_6221056.jpg;jpg;1;290;
298;Nicolas Sarkozy jeune;https://images.sudouest.fr/2016/11/22/58359e8c66a4bdb81656bb28/default/1000/entre-en-politique-en.jpg;jpg;1;290;
299;Léa Salamé;https://img.huffingtonpost.com/asset/5e1759ff2500002c28990479.jpeg?ops=scalefit_630_noupscale;jpg;10;291;
300;Sébastien Cauet;https://resize-parismatch.lanmedia.fr/img/var/news/storage/images/paris-match/culture/medias/cauet-fait-son-come-back-sur-nrj-1572625/25521900-1-fre-FR/Cauet-fait-son-come-back-sur-NRJ.jpg;jpg;10;292;
301;Swagg Man;https://france3-regions.francetvinfo.fr/bourgogne-franche-comte/sites/regions_france3/files/styles/top_big/public/assets/images/2017/03/31/maxpeopleworld790668-2978139.jpg?itok=Mz-qOaDH;jpg;10;293;
302;Tex;https://resize-elle.ladmedia.fr/r/625,,forcex/crop/625,804,center-middle,forcex,ffffff/img/var/plain_site/storage/images/societe/news/apres-sa-blague-sur-les-violences-conjugales-tex-ne-presentera-plus-les-z-amours-3590966/85241129-1-fre-FR/Apres-sa-blague-sur-les-violences-conjugales-Tex-ne-presentera-plus-les-Z-amours.jpg;jpg;10;294;
303;VodK;https://storage.googleapis.com/stateless-www-eteignezvotreord/2019/11/71897c78-217055-1563801178.jpg;jpg;10;295;
304;Florian Philippot;https://img.bfmtv.com/i/0/0/9e1/69b3738d144ab0dec9e9405cf6093.jpeg;jpg;10;296;
305;Laurent Bouvet;https://static.lpnt.fr/images/2020/02/11/20040445lpw-20041737-article-laurent-bouvet-jpg_6903137_1250x625.jpg;jpg;10;297;
306;Alkpote;https://pokaa.fr/wp-content/uploads/2019/12/alkpote-article.jpg;jpg;10;298;
307;Thomas Bangalter sous son casque;https://upload.wikimedia.org/wikipedia/commons/e/ed/ThomasBangalter028.jpg;jpg;10;299;
308;Guy-Manuel de Homem-Christo sous son casque;https://blog.lesoir.be/frontstage/wp-content/uploads/sites/5/2014/09/Guy-Manuel-daft-punk-25983923-2272-1515-300x194.png;png;10;300;
309;13 Block;https://yard.media/wp-content/uploads/2017/10/13-Block-Terencebk-YARD-2.jpg;jpg;10;301;
310;Julien Chièze;https://legeekmoderne.fr/wp-content/uploads/2018/12/235433_med.jpg;jpg;10;302;
311;Alain Finkielkraut;https://cdn-lejdd.lanmedia.fr/var/europe1/storage/images/lejdd/societe/gilets-jaunes-apres-les-insultes-contre-alain-finkielkraut-le-parquet-de-paris-ouvre-une-enquete-3859331/52210397-1-fre-FR/Gilets-jaunes-apres-les-insultes-contre-Alain-Finkielkraut-le-parquet-de-Paris-ouvre-une-enquete.jpg;jpg;10;303;
312;Baby Yoda;https://c0.lestechnophiles.com/www.numerama.com/content/uploads/2019/12/yoda-ok.jpg?resize=1212,712;jpg;10;304;
313;Orelsan;https://cdn.radiofrance.fr/s3/cruiser-production/2019/12/3a803f87-d7d4-4ecc-afcc-fdb6ec84a754/801x410_orel.jpg;jpg;10;305;
314;McFly et Carlito;https://photos.tf1.fr/1200/720/invites-mcfly-et-carlito-sortent-bonsoir-leur-premier-jeu-de-societe-59660-5f7a13-d71529-0@1x.webp;webp;10;306;
315;Carilto;https://voi.img.pmdstatic.net/fit/http.3A.2F.2Fprd2-bone-image.2Es3-website-eu-west-1.2Eamazonaws.2Ecom.2Fvoi.2F2019.2F04.2F23.2F6dec5330-4bf0-44bf-a62c-78bfb0c56b03.2Ejpeg/2048x1152/quality/80/photos-guy-carlier-son-fils-raphael-mcfly-et-carlito-blesse-dans-un-accident-de-trottinette-electrique.jpeg;jpg;10;307;
316;Amixem;https://gal.img.pmdstatic.net/fit/http.3A.2F.2Fprd2-bone-image.2Es3-website-eu-west-1.2Eamazonaws.2Ecom.2Fprismamedia_people.2F2017.2F10.2F18.2Fe1e849e9-5538-49bb-96b2-7198d2f2706f.2Ejpeg/2202x1526/quality/80/amixem.jpeg;jpg;10;310;
317;Jean-Paul Delevoye;https://cap.img.pmdstatic.net/fit/http.3A.2F.2Fprd2-bone-image.2Es3-website-eu-west-1.2Eamazonaws.2Ecom.2Fcap.2F2019.2F12.2F15.2F7ec69541-8a71-4025-839c-694f2e274bbe.2Ejpeg/750x375/background-color/ffffff/quality/70/jean-paul-delevoye-declare-finalement-dix-autres-mandats-1357743.jpg;jpg;10;311;
318;Koba LaD;https://intrld.com/wp-content/uploads/2020/03/koba-la-d-confinement.png;png;10;312;
319;Joaquin Phoenix;https://www.saphirnews.com/photo/art/grande/42648211-35478023.jpg?v=1581353049;jpg;10;313;
320;Bong Joon-ho;https://cdn-elle.ladmedia.fr/var/plain_site/storage/images/loisirs/cinema/news/pourquoi-parasite-de-bong-joon-ho-est-entre-dans-l-histoire-des-oscars-3846494/92597433-1-fre-FR/Pourquoi-Parasite-de-Bong-Joon-ho-est-entre-dans-l-histoire-des-Oscars.jpg;jpg;10;314;
321;Untitled Goose Game;https://xboxplay.games/imagenes/redimensionar2.php?imagen=https://ichef.bbci.co.uk/news/660/cpsprodpb/12B60/production/_109004667_02untitledgoosegamescreen3840x2160.png&an=722&al=400;png;10;315;
322;Kevin Razy;https://www.telerama.fr/sites/tr_master/files/styles/simplecrop1000/public/medias/2016/02/media_138624/nadine-morano-attentats-de-paris-theorie-du-complot-kevin-razy-nous-dit-tout-sur-ses-videos-cultes%2CM306973.jpg?itok=3U3ZfFK2;jpg;10;316;
323;Michel Cymes;https://images.ladepeche.fr/api/v1/images/view/5e72504f3e45466a43284fce/large/image.jpg?v=1;jpg;10;317;
324;Joe Biden;https://img.aws.la-croix.com/2020/03/04/1201081986/Joe-Biden-Los-Angeles-3_0_1400_1114.jpg;jpg;10;318;
325;Elizabeth Warren;https://static01.nyt.com/images/2019/09/10/us/politics/10-warren-candidatepage/10-warren-candidatepage-facebookJumbo.jpg;jpg;10;319;
326;Pete Buttigieg;https://tetu.com/wp-content/uploads/2020/02/48012524023_ac5908e707_k-e1582803004619.jpg;jpg;10;320;
327;Alexandria Ocasio-Cortez;https://i.f1g.fr/media/madame/orig/sites/default/files/img/2019/05/lelue-alexandria-ocasio-cortez.jpg;jpg;10;321;
328;Billie Eilish;https://www.libe.ma/photo/art/default/42242302-35288777.jpg?v=1580212976;jpg;10;322;
329;Philippe Katerine;https://papillonsdenuit.com/wp-content/uploads/2019/12/p2n20-artiste-philippe-katerine.jpg;jpg;10;323;
330;Florence Foresti;https://file1.closermag.fr/var/closermag/storage/images/1/3/0/6/1/13061136/florence-foresti-maitresse-ceremonie-lors-45eme-ceremonie-des-cesar-salle-pleyel-pa.jpg?alias=width400&size=x100&format=jpeg;jpg;10;324;
331;Jean-Mihel Aphatie;https://www.valeursactuelles.com/sites/default/files/styles/image_article/public/2019-10/SIPA_00891110_000002.jpg?itok=VjscfJgb;jpg;10;325;
332;Nadine Morano;https://s.yimg.com/ny/api/res/1.2/.ppjWQhVXO9tyAXBd0.Asg--~A/YXBwaWQ9aGlnaGxhbmRlcjtzbT0xO3c9ODAw/https://media.zenfs.com/fr/voici.fr/ab693a0fee4d8b781277ea2f854b45ee;jpg;10;326;
333;Solid Snake;https://www.pcgamesn.com/wp-content/uploads/2019/08/solid-snake.jpg;jpg;10;333;
334;Titeuf;https://i.pinimg.com/736x/21/cd/9a/21cd9afc42b8473060c36fc0b7cf9ab4.jpg;jpg;10;327;
335;Le père de Titeuf;https://i.skyrock.net/1600/72001600/pics/2864193610_small_1.jpg;jpg;10;328;
336;Kid Paddle;https://www.dupuis.com/images_blog/images_entete/midam-retour2019.jpg;jpg;10;329;
337;Le père de Kid Paddle;https://pbs.twimg.com/media/ESrkcRxXsAAcIP5?format=jpg&name=240x240;jpg;10;330;
338;Coronavirus;https://www.sciencesetavenir.fr/assets/img/2020/02/25/cover-r4x3w1000-5e5fc2725e88b-f23d9e36f6e0c38d2b1121a43e44b24d6c3f56bf-jpg.jpg;jpg;10;331;
339;Coronavirus;https://pbs.twimg.com/media/ES8eLxeWAAI4PQ0?format=jpg&name=large;jpg;1;331;
340;K.K. Slider;https://aff5fa4925746bf9c161-fb36f18ca122a30f6899af8eef8fa39b.ssl.cf5.rackcdn.com/images/AC_KK_jh4yj5t.17345b1513ac044897cfc243542899dce541e8dc.9afde10b.png;png;10;332;
341;Didier Raoult;https://media.lesechos.com/api/v1/images/view/5e710565d286c2153a1b4bb8/1280x720/0602943716219-web-tete.jpg;jpg;10;334;
342;DJ Snake;https://voi.img.pmdstatic.net/fit/http.3A.2F.2Fprd2-bone-image.2Es3-website-eu-west-1.2Eamazonaws.2Ecom.2Fprismamedia_people.2F2019.2F08.2F02.2F9211d6a5-1440-4632-bc57-312c45a422d0.2Ejpeg/2048x1536/quality/80/dj-snake.jpeg;jpg;10;335;
343;Bob l’Éponge;https://daexie.files.wordpress.com/2016/02/narcko-spongebob-squarepants-6557.png?w=640;png;10;336;
344;Patrick Étoile de Mer;https://www.pngitem.com/pimgs/m/130-1306895_patrick-star-photo-eq239-season-1-patrick-star.png;png;10;337;
345;Carlo Tentacule;https://www.hebdocine.com/wp-content/uploads/2017/01/21-4.jpg;jpg;10;338;
346;Capitaine Krabs;https://i.skyrock.net/1701/75981701/pics/2955877099_1_3_r965SBoS.jpg;jpg;10;339;
347;Nagui;https://voi.img.pmdstatic.net/fit/http.3A.2F.2Fprd2-bone-image.2Es3-website-eu-west-1.2Eamazonaws.2Ecom.2Fprismamedia_people.2F2017.2F06.2F30.2F61576670-2c44-4381-8f86-54323cea8127.2Ejpeg/380x380/quality/80/nagui.jpg;jpg;10;340;
348;Olivier Minne;https://resize-parismatch.lanmedia.fr/img/var/news/storage/images/paris-match/culture/medias/harcelement-sexuel-olivier-minne-fera-des-revelations-sur-deux-animateurs-dans-un-livre-1501724/24566879-1-fre-FR/Harcelement-sexuel-Olivier-Minne-fera-des-revelations-sur-deux-animateurs-dans-un-livre.jpg;jpg;10;341;
349;Alex Vizorek;https://cdn.radiofrance.fr/s3/cruiser-production/2016/06/585fb960-b5f2-4af3-ada7-6c3c484bd9c7/400x400_wizorek_alex.jpg;jpg;10;342;
350;Charline Vanhoenacker;https://www.ojim.fr/wp-content/uploads/2018/06/Charline-Vanhoenacker.jpg;jpg;10;343;
351;Guillaume Meurice;https://static.lexpress.fr/medias_11615/w_1873,h_1048,c_crop,x_109,y_314/w_480,h_270,c_fill,g_north/v1520004117/guillaume-meurice-star-montante-de-france-inter-a-repondu-aux-questions-de-l-express_5947226.jpg;jpg;10;344;
352;Super Smash Bros Ultimate;https://www.dualshockers.com/wp-content/uploads/2018/06/smash-ultimate.png;png;10;;6
353;OVNI;https://resize-parismatch.lanmedia.fr/r/625,417,forcex,center-middle/img/var/news/storage/images/paris-match/actu/insolite/l-ovni-qui-n-a-pas-survole-vladimir-poutine-940183/13364973-1-fre-FR/L-OVNI-qui-n-a-pas-survole-Vladimir-Poutine.jpg;jpg;10;;25
354;YouTube;https://www.asgard.gg/wp-content/uploads/2015/10/Youtube-2-1.png;png;10;;39
355;La CGT;https://www.macommune.info/wp-content/uploads/2019/07/28812014-28195283.jpg;jpg;10;;40
356;Eurovision Song Contest;https://upload.wikimedia.org/wikipedia/fr/5/56/Logo_Eurovision_2020.png;png;10;;50
357;César;https://www.francetvinfo.fr/image/75rutmkgy-5b1b/770/433/21036837.jpg;jpg;10;;75
358;Oscar;https://www.breakingnews.fr/wp-content/uploads/2020/02/YTGQC7LF2NCVFBBVVD3Z63UYGE.png;png;10;;76
359;Fédération Française de Football;https://www.fff.fr/static/uploads/media/cms_new/0003/73/f4b7c058db94c53ce8094d008e9690af66572054.jpeg;jpg;10;;83
360;YouTube;https://www.spin-interactive.com/wp-content/uploads/2015/02/youtube-1.jpg;jpg;10;;84
361;TikTok;https://media.lesechos.com/api/v1/images/view/5e01da69d286c259855e6496/1280x720/0602466021738-web-tete.jpg;jpg;10;;105
362;Diadème Miss France;https://www.telez.fr/content/uploads/2017/12/couronne-miss-france-2018-1280x720.jpg;jpg;10;;108
363;Diadème;https://i.skyrock.net/0412/89840412/pics/3219041231_1_3_iBbjDiNr.jpg;jpg;10;;109
364;Bigfoot;https://dehayf5mhw1h7.cloudfront.net/wp-content/uploads/sites/816/2019/06/07102723/Big-Foot-1-832-832x476.jpg;jpg;10;;114
365;Olivier Minne;https://resize.programme-television.ladmedia.fr/rcrop/1200,/img/var/premiere/storage/images/tele-7-jours/news-tv/fort-boyard-olivier-minne-patrice-laffont-fait-partie-de-ma-famille-de-coeur-4642421/95598368-1-fre-FR/Fort-Boyard-Olivier-Minne-Patrice-Laffont-fait-partie-de-ma-famille-de-coeur.jpg;jpg;10;;116
366;Porsche brûlée en marge d’une manifestation;https://img.20mn.fr/v5VcMWL7STqh5MakvDfa-g/830x532_vehicule-porsche-incendie-devant-prefecture-loire-atlantique.jpg;jpg;10;;120
367;Notre Dame de Paris enflammée;https://images.lanouvellerepublique.fr/image/upload/t_1020w/5cb4d073257ea73e438b456b.jpg;jpg;10;;121
368;Le Fouquet’s incendié;https://i.f1g.fr/media/figaro/orig/2019/03/16/XVMfebd0d14-4808-11e9-8a9c-cf6259d2906a.jpg;jpg;10;;122
369;What The Cut;https://static.euronews.com/articles/323969/1440x810_323969.jpg;jpg;10;;123
370;Les Enfoirés;https://tel.img.pmdstatic.net/fit/http.3A.2F.2Fprd2-bone-image.2Es3-website-eu-west-1.2Eamazonaws.2Ecom.2Ftel.2F2019.2F03.2F15.2F22ee9f94-c0c6-4389-b377-66ef78fa57f4.2Ejpeg/1200x500/crop-from/top/quality/80/les-enfoires-2020-date-de-diffusion-artistes-presents-chansons-tout-ce-qu-il-faut-savoir-sur-la-prochaine-edition.jpg;jpg;10;;124
371;RuPaul’s Drag Race;https://i.dailymail.co.uk/1s/2020/03/18/20/26135948-8127869-image-a-1_1584562820434.jpg;jpg;10;;130
372;Z-Event;https://img.resized.co/dexerto-fr/eyJkYXRhIjoie1widXJsXCI6XCJodHRwczpcXFwvXFxcL2ltYWdlcy5kZXhlcnRvLmZyXFxcL3VwbG9hZHNcXFwvdGh1bWJuYWlsc1xcXC9fdGh1bWJuYWlsTGFyZ2VcXFwvMTA0MTY2MlxcXC96LWV2ZW50LTIwMTktZGlmZmVyZW50cy1kb25hdGlvbi1nb2Fscy1zdHJlYW1lcnMuanBnXCIsXCJ3aWR0aFwiOjYyMCxcImhlaWdodFwiOjM0NyxcImRlZmF1bHRcIjpcImh0dHBzOlxcXC9cXFwvd3d3LmRleGVydG8uY29tXFxcL2Fzc2V0c1xcXC9pbWdcXFwvcGxhY2Vob2xkZXIuanBnXCJ9IiwiaGFzaCI6ImY5NWI1OWNjMjcyOTA2YjBhMjUyNjdmYTMyZTAwMGNmZTAwZWRhYzIifQ==/z-event-2019-les-differents-donation-goals-des-streamers.jpg;jpg;10;;134
373;VoxMakers;https://media.senscritique.com/media/000012889418/source_big/Voxmakers.png;png;10;;135
374;CopyComic;https://encrypted-tbn0.gstatic.com/images?q=tbn%3AANd9GcQQZ_9WALzJE7Bdsy_bLpv2a-0bQhfBQCELRS-AWkNRhCrJSHnS;png;10;;137
375;Japan Expo;https://i2.wp.com/www.yatta-fanzine.fr/wp-content/uploads/2019/09/JE.jpg?resize=618%2C348&ssl=1;jpg;10;;138
376;YouTube;https://www.conseilsmarketing.com/wp-content/uploads/2018/06/youtube.jpg;jpg;10;;140
377;Homard géant;https://www.lesalonbeige.fr/wp-content/uploads/2019/07/d_ggjxaw4am_hh2-2100x1200.jpg;jpg;10;;144
378;Alerte Enlèvement;https://www.francetvinfo.fr/image/75ruiwbcq-757c/1200/450/20928823.png;png;10;;145
379;Tektonik;https://steamuserimages-a.akamaihd.net/ugc/847089849185072333/A38DFE42DA83F8830E5B2C9AC9178339E3328419/;jpg;10;;146
380;Metz Plage;https://static.actu.fr/uploads/2019/07/Metz-plage-854x568.jpg;jpg;10;;149
381;Xavier Dupont de Ligonnès;https://www.francetvinfo.fr/image/74vsakn86-df35/1200/450/824281.jpg;jpg;10;;154
382;Xavier Dupont de Ligonnès;https://www.francetvinfo.fr/image/74vsakn86-df35/1200/450/824281.jpg;10;;155
383;On n’demande qu’à en rire;https://youhumour-blog.com/wp-content/uploads/2013/05/ondar-vignette.jpg;jpg;10;;160
384;dril;https://pbs.twimg.com/profile_images/847818629840228354/VXyQHfn0_bigger.jpg;jpg;10;;162
385;dril;https://pbs.twimg.com/profile_images/847818629840228354/VXyQHfn0_bigger.jpg;jpg;10;;163
386;L’heure des pros;https://thumb.canalplus.pro/http/unsafe/1280x720/filters:quality(%7BimageQualityPercentage%7D)/media.canal-plus.com/wwwplus/image/16/8/1/2019-11-19T08:00:20.354Z-1050_191119-640x360.jpg;jpg;10;;164
387;Les Grandes Gueules;https://img.bfmtv.com/i/929/354/109/109dc1a47321649806204d1571dda901.jpeg;jpg;10;;165
388;Les Grosses Têtes;https://www.france.tv/image/background_16x9/1200/675/l/7/s/5cdb585d-phpsoxs7l.png;png;10;;166
389;Grammy;https://www.grammy.com/sites/all/modules/custom/tra_share/images/banner.default.jpg;jpg;10;;169
390;Victoire de la Musique;https://www.lebureauexport.fr/wp-content/uploads/2019/01/victoire-de-la-musique.png;png;10;;170
391;Mur de Berlin;https://cdn-s-www.dna.fr/images/50f841f4-0f77-41da-94a4-ad0a044ff687/BES_06/illustration-30e-anniversaire-de-la-chute-du-mur-de-berlin-la-chute-du-mur-de-berlin-ou-le-miracle-de-1989_1-1573034633.jpg;jpg;10;;171
392;LeLIVE;https://www.leliveonair.com/img/meta-facebook.png;png;10;;184
393;Twitch;https://thumbor.sd-cdn.fr/cz5Ba_7gNukwvQlIAwhcVt647hI=/fit-in/2400x1600/cdn.sd-cdn.fr/wp-content/uploads/2019/10/Twitch-logo.jpg;jpg;10;;183
394;Coronavirus;https://www.sciencesetavenir.fr/assets/img/2020/02/25/cover-r4x3w1000-5e5fc2725e88b-f23d9e36f6e0c38d2b1121a43e44b24d6c3f56bf-jpg.jpg;jpg;10;;185
395;Coronavirus;https://www.sciencesetavenir.fr/assets/img/2020/02/25/cover-r4x3w1000-5e5fc2725e88b-f23d9e36f6e0c38d2b1121a43e44b24d6c3f56bf-jpg.jpg;jpg;10;;186
396;Coronavirus;https://www.sciencesetavenir.fr/assets/img/2020/02/25/cover-r4x3w1000-5e5fc2725e88b-f23d9e36f6e0c38d2b1121a43e44b24d6c3f56bf-jpg.jpg;jpg;10;;188
397;Coronavirus;https://www.sciencesetavenir.fr/assets/img/2020/02/25/cover-r4x3w1000-5e5fc2725e88b-f23d9e36f6e0c38d2b1121a43e44b24d6c3f56bf-jpg.jpg;jpg;10;;189
398;Rufus Katégorik (personnage de Kemar);https://pbs.twimg.com/media/ETvZ7vsWoAIXFDM?format=png&name=900x900;png;10;345;
399;Tom Holland;https://pmcvariety.files.wordpress.com/2019/03/rexfeatures_9640561vn.jpg?w=1000&h=563&crop=1;jpg;10;346;
400;Didier Lallement;https://i2.wp.com/personsnews.com/wp-content/uploads/2019/11/5dd25770210000406834d3d8.jpeg?resize=825%2C510&ssl=1;jpg;10;347;
401;Personne;https://pbs.twimg.com/media/ETve1lFXgAI0m6L?format=png&name=small;png;10;144;
402;Niska;https://statics.lesinrocks.com/content/thumbs/uploads/2019/09/width-1125-height-612-quality-10/niis-width_3073_height_1673_x_7_y_106.jpg;jpg;10;348;
403;Anthony Fantano;https://cdn-images-1.medium.com/max/1200/1*HWOD9K4x95HHBNXV3Xm-Rg.jpeg;jpg;10;349;
404;Rachida Dati;https://static.lpnt.fr/images/2020/02/22/20081906lpw-20081908-article-rachida-dati-municipales-paris-jpg_6928545_1250x625.jpg;jpg;10;350;
405;Agnès Buzyn;https://cdn-s-www.leprogres.fr/images/EE95B7E0-B781-4C0C-9B84-CC9F23171D8A/NW_raw/les-declarations-d-agnes-buzyn-ont-suscite-la-polemique-photo-afp-1584473505.jpg;jpg;10;351;
406;RuPaul;https://rupaul.com/wp-content/uploads/2019/06/rupaul-newsweek-june-2019.jpg;jpg;10;352;
407;CopyComic;https://encrypted-tbn0.gstatic.com/images?q=tbn%3AANd9GcQQZ_9WALzJE7Bdsy_bLpv2a-0bQhfBQCELRS-AWkNRhCrJSHnS;png;10;353;
408;Jean-Michel Blanquer;https://media.ouest-france.fr/v1/pictures/MjAyMDAzZDhhZTYzNDQ1ZWE3NWRhOTA5YjM4MDFiZjEyYThlMDY?width=480&height=270&focuspoint=50%2C25&cropresize=1&client_id=bpeditorial&sign=196b8734d1bd4b7e1bfa2f4310cc6d35b54fab82949afc82363590e085a3f65a;jpg;10;354
409;Fred Musa;https://www.telez.fr/content/uploads/cache/2015/11/fred-musa/1938716355.jpg;jpg;10;355;
410;Amazon Echo;https://img.ohmymag.com/s3/fromm/shopping/default_2019-10-25_e05855fb-8f23-414c-aade-0d91e3269451.jpeg;jpg;10;205;
411;Roselyne Bachelot;https://hamillfrenchblog.files.wordpress.com/2014/03/roselyne-bachelot.jpg;jpg;10;356;
412;Virginia Youtubeuse;https://i.ytimg.com/vi/VRbjN1jJih4/maxresdefault.jpg;jpg;10;357;
413;Britney Spears;https://cdn-img.instyle.com/sites/default/files/styles/684xflex/public/images/2016/10/100716-britney-spears.jpg?itok=_joz9PEz;jpg;10;358;
414;Sibeth Ndiaye;https://cdnfr1.img.sputniknews.com/images/104057/28/1040572802.jpg;jpg;10;359;
415;Alexis Corbière;https://i.ytimg.com/vi/hdLvshjcaVk/maxresdefault.jpg;jpg;10;105;
416;Sonic le Hérisson;https://storage.quebecormedia.com/v1/dynamic_resize/sws_path/jdx-prod-images/83b2060a-0feb-4af9-92fe-fda2415253dc_ORIGINAL.jpg?quality=80&version=1&size=925;jpg;10;360;
417;Jocelyn Armel;https://10point15.com/app/uploads/2015/04/jocelyn-armel-10.15-2015-1.jpg;jpg;10;361;
418;Mr. Resetti;http://vignette1.wikia.nocookie.net/nonciclopedia/images/4/40/Mr._Resetti.jpg/revision/latest?cb=20091208135935;webp;10;362;
419;Élisabec;https://giantbomb1.cbsistatic.com/uploads/scale_medium/15/151939/2296166-animalcrossingcityfo_102308_14204.png;png;10;363;
420;Miroslav Bulldosex (personnage de Kemar);https://pbs.twimg.com/media/EUhK94RXgAcIZk3?format=png&name=large;png;10;364;
421;Yves Calvi;http://www.leparisien.fr/resizer/MRCArgFwz6ZoxCjBlBgltCMBzQM=/932x582/arc-anglerfish-eu-central-1-prod-leparisien.s3.amazonaws.com/public/5O3KZLKBVNR6DRU362NN6D567M.jpg;jpg;10;365;
422;xEnz0Du25x en militant CGT (personnage d’Antoine Daniel sur Animal Crossing);https://pbs.twimg.com/media/EWsczdIUYAAajUk?format=png&name=large;png;10;366;
423;xEnz0Du25x en militant Les Républicains (personnage d’Antoine Daniel sur Animal Crossing);https://pbs.twimg.com/media/EWscz5ZU4AQF4Zm?format=png&name=large;png;10;366;
424;xEnz0Du25x en gilet jaune (personnage d’Antoine Daniel sur Animal Crossing);https://pbs.twimg.com/media/EWsc0AnU4AQGphB?format=png&name=large;png;10;366;
425;Pec d’Animal Crossing;https://pm1.narvii.com/6942/4ada01a5e6664037b80e24d18f1e387394c675fer1-1440-1440v2_hq.jpg;jpg;10;367;
426;Raymond d’Animal Crossing;https://cdn.vox-cdn.com/thumbor/znwrGkZ7-lZXoChZ18BA2pk1qXs=/0x27:2560x1367/fit-in/1200x630/cdn.vox-cdn.com/uploads/chorus_asset/file/19858625/raymond.jpg;jpg;10;368;
427;Twitch;https://thumbor.sd-cdn.fr/cz5Ba_7gNukwvQlIAwhcVt647hI=/fit-in/2400x1600/cdn.sd-cdn.fr/wp-content/uploads/2019/10/Twitch-logo.jpg;webp;10;;192
428;OnlyFans;https://i2.wp.com/insidejamarifox.com/wp-content/uploads/2019/11/onlyfanslogo.png?resize=580%2C392&ssl=1;png;10;;193
429;Olivier Véran;https://static.cnews.fr/sites/default/files/styles/image_640_360/public/olivier_veran_jean-pierre_clatot_afp.jpg?itok=RQwoe0Bx;jpg;10;369;
430;Albin d’Animal Crossing;https://static1.millenium.org/articles/9/36/29/49/@/1324032-acnh-paques-article_m-1.png;png;10;370;
481;Frédérique Vidal;https://i.ytimg.com/vi/tMeXRP7VKWA/maxresdefault.jpg;jpg;10;371;
482;Joachim Son-Forget;https://cdnfr1.img.sputniknews.com/images/103496/50/1034965080.jpg;jpg;10;372;
483;Michel Onfray;https://img.rt.com/files/2017.02/original/58b5ca16c46188fb3c8b4575.jpg;jpg;10;373;
484;Natacha Polony;https://s.yimg.com/ny/api/res/1.2/c4hJtsyWEZ97EUZM99531Q--/YXBwaWQ9aGlnaGxhbmRlcjtzbT0xO3c9ODAwO2lsPXBsYW5l/http://l.yimg.com/os/creatr-images/GLB/2017-06-15/edd6da00-51e9-11e7-8111-7b04334e47c4_000_OY4AP.jpg;jpg;10;374;
485;LinksTheSun;http://vignette2.wikia.nocookie.net/youtuberfrancais/images/4/40/Linksthesun.jpg/revision/latest/scale-to-width-down/2000?cb=20140308091635&path-prefix=fr;webp;10;375;
486;Rounard d’Animal Crossing;http://acnl.zool.fr/wp-content/uploads/2013/09/Rounard.jpg;jpg;10;376;
487;Grimes;https://fsmedia.imgix.net/46/78/5c/a6/0e5f/48ec/a482/7d4f53ecefc6/gettyimages-454458310.jpeg?rect=597%2C112%2C2250%2C1125&auto=format%2Ccompress&w=650;jpg;10;377;
488;Laetitia Avia;https://lecourrier-du-soir.com/wp-content/uploads/2018/02/Avia.jpg;jpg;10;379;
489;Jeffree Star;http://ugc.reveliststatic.com/gen/constrain/800/800/80/2016/12/19/16/d2/t1/phq5n0cwoc2qbwe.jpg;jpg;10;380;
490;James Charles;https://cdn.shopify.com/s/files/1/0114/9730/8218/files/JamesC_Influencer_DESKTOP_02_1400x.jpg?v=1542326890;jpg;10;381;
491;Siphano;https://compiegne-geek-convention.fr/wp-content/uploads/2019/11/Siphano.jpg;jpg;10;382;
492;Jason Derulo;https://www.cosmopolitanme.com/sites/default/files/images/2018/11/28/jason-derulo-20181005-LA-1200x600.jpg;jpg;10;383;
493;ZeratoR;https://s3.dexerto.com/thumbnails/_thumbnailLarge/zerator.jpg;jpg;10;384;
494;Touche Pas à Mon Poste;https://upload.wikimedia.org/wikipedia/commons/f/f9/TPMP_saison_11_logo.png.jpg;jpg;10;;201
495;René Malleville;https://www.jeunesfooteux.com/photo/art/grande/15712340-20867961.jpg?v=1500053708;jpg;10;385;
496;Le Dalaï-Lama;https://i.ytimg.com/vi/8Ys0BugswfM/maxresdefault.jpg;jpg;10;387;
497;Jean Castex;https://medias.lequipe.fr/img-photo-jpg/jean-castex-pourrait-cumuler-les-postes-etienne-garnier-l-equipe/1500000001044628/0:0,1999:1333-624-416-75/fd8de.jpg;jpg;10;388;
498;Jean Castex;https://pbs.twimg.com/media/EcgVWcaXQAAlVCn?format=jpg&name=small;jpg;5;388;
499;Le Christ de la basilique Sainte-Sophie de Constantinople;https://static.independent.co.uk/s3fs-public/thumbnails/image/2019/02/12/12/jesus.jpg;jpg;10;389;
500;Gérald Darmanin;https://www.francetvinfo.fr/image/75s2sn9g5-701d/1500/843/21821999.jpg;jpg;10;390;
501;Bruno Le Maire;https://financeandmarkets.com/wp-content/uploads/2018/01/Bruno-Le-Maire.jpg;jpg;10;391;
502;100 gecs (Laura Les et Dylan Brady);https://static01.nyt.com/images/2019/09/04/arts/04gecs1/merlin_160144803_e356c8aa-50d4-4020-968f-92712da00b43-articleLarge.jpg?quality=75&auto=webp&disable=upscale;jpg;10;392;
503;Dylan Brady de 100 gecs;https://images.genius.com/b4c63148493e0b233030f77c0e2985f0.627x627x1.png;png;10;393;
504;TikTok;https://media.lesechos.com/api/v1/images/view/5e01da69d286c259855e6496/1280x720/0602466021738-web-tete.jpg;jpg;10;;202
505;Philippe de Villiers;https://babelio.com/users/AVT_Philippe-de-Villiers_5183.jpeg;jpg;10;394;
506;Cisla tenant une bouteille de Panaché pendant qu’un cochon est en train d’être grillé;https://wiki.jvflux.com/images/b/ba/Cisla.jpg;jpg;10;395;
507;Logan Paul;https://cdn2.lamag.com/wp-content/uploads/sites/6/2019/07/logan-paul-fast-runner-steven-ferdman-getty-1068x723.jpg;jpg;10;396;
508;Linus Sebastian;https://www.thefamouspeople.com/profiles/images/linus-sebastian-1.jpg;jpg;10;397;
509;Freeze Corleone;https://images.genius.com/3363b0155abaa3b46e956c5e90f88ff2.973x973x1.jpg;jpg;10;398;
510;Gouvernement Castex;https://qctop.com/wp-content/uploads/2020/07/castex-gouvernement-873f73-01x-e1596052181902.jpeg;jpg;10;100
511;Nicolas Bedos;https://s.yimg.com/uu/api/res/1.2/ihi0LkYrekNdqSU7Ein2Pg--~B/aD04OTc7dz0xMjAwO3NtPTE7YXBwaWQ9eXRhY2h5b24-/https://media.zenfs.com/fr/Programme.fr/39fb6066dd28aa9307fad8921d4337dd;jpg;10;399;
